category,quantity,cost
grenade-launchers,2088,166617.15999999997
night-vision,18788,98763556.62999971
assault-rifles,83256,31158242.49999948
armored-vehicles,1022,455334868.03999996
aircraft,538,368582416.0
body-armor,6610,2014970.400000001
other,1258236,1111729760.8900526
